<?xml version="1.0" encoding="utf-8" standalone="yes"?>
<rss version="2.0" xmlns:atom="http://www.w3.org/2005/Atom">
  <channel>
    <title>Каталог аниме-гобеленов on WAGICH — Аниме-гобелены</title>
    <link>https://nikarello.github.io/wagich/tapestry/</link>
    <description>Recent content in Каталог аниме-гобеленов on WAGICH — Аниме-гобелены</description>
    <generator>Hugo</generator>
    <language>ru-ru</language>
    <lastBuildDate>Sat, 31 May 2025 00:00:00 +0000</lastBuildDate>
    <atom:link href="https://nikarello.github.io/wagich/tapestry/index.xml" rel="self" type="application/rss+xml" />
    <item>
      <title>Гобелен Berserk</title>
      <link>https://nikarello.github.io/wagich/tapestry/berserk/</link>
      <pubDate>Sat, 31 May 2025 00:00:00 +0000</pubDate>
      <guid>https://nikarello.github.io/wagich/tapestry/berserk/</guid>
      <description>&lt;p&gt;Тёмный, насыщенный и глубокий — этот гобелен с Гатсом из &lt;strong&gt;Berserk&lt;/strong&gt; взывает к бунтарю внутри тебя. Сцена из Золотого века, пропитанная драмой и силой.&lt;/p&gt;&#xA;&lt;p&gt;🧵 &lt;strong&gt;Размер:&lt;/strong&gt; 160×130 см&lt;br&gt;&#xA;📦 &lt;strong&gt;Материалы:&lt;/strong&gt; 70% полиэстер, 30% хлопок&lt;br&gt;&#xA;📦 &lt;strong&gt;Остаток:&lt;/strong&gt; 1 шт.&lt;br&gt;&#xA;💰 &lt;strong&gt;Цена:&lt;/strong&gt; 3600₽&lt;/p&gt;&#xA;&lt;p&gt;✉️ Пиши в Telegram: &lt;a href=&#34;https://t.me/Narfboer&#34;&gt;@Narfboer&lt;/a&gt;&lt;/p&gt;</description>
    </item>
    <item>
      <title>Гобелен Bleach (вариант 1)</title>
      <link>https://nikarello.github.io/wagich/tapestry/bleach-1/</link>
      <pubDate>Sat, 31 May 2025 00:00:00 +0000</pubDate>
      <guid>https://nikarello.github.io/wagich/tapestry/bleach-1/</guid>
      <description>&lt;p&gt;Эпическая сцена с Ичиго Куросаки в боевой стойке! Яркий стиль и глубина цвета передают дух борьбы с пустыми. Must-have для фанатов &lt;strong&gt;Bleach&lt;/strong&gt; и ценителей динамичного аниме-арта.&lt;/p&gt;&#xA;&lt;p&gt;🧵 &lt;strong&gt;Размер:&lt;/strong&gt; 160×130 см&lt;br&gt;&#xA;📦 &lt;strong&gt;Материалы:&lt;/strong&gt; 70% полиэстер, 30% хлопок&lt;br&gt;&#xA;📦 &lt;strong&gt;Остаток:&lt;/strong&gt; 2 шт.&lt;br&gt;&#xA;💰 &lt;strong&gt;Цена:&lt;/strong&gt; 3600₽&lt;/p&gt;&#xA;&lt;p&gt;✉️ Пиши в Telegram: &lt;a href=&#34;https://t.me/Narfboer&#34;&gt;@Narfboer&lt;/a&gt;&lt;/p&gt;</description>
    </item>
    <item>
      <title>Гобелен Bleach (вариант 2)</title>
      <link>https://nikarello.github.io/wagich/tapestry/bleach-2/</link>
      <pubDate>Sat, 31 May 2025 00:00:00 +0000</pubDate>
      <guid>https://nikarello.github.io/wagich/tapestry/bleach-2/</guid>
      <description>&lt;p&gt;Эпическая сцена с Ичиго Куросаки в боевой стойке! Яркий стиль и глубина цвета передают дух борьбы с пустыми. Must-have для фанатов &lt;strong&gt;Bleach&lt;/strong&gt; и ценителей динамичного аниме-арта.&lt;/p&gt;&#xA;&lt;p&gt;🧵 &lt;strong&gt;Размер:&lt;/strong&gt; 160×130 см&lt;br&gt;&#xA;📦 &lt;strong&gt;Материалы:&lt;/strong&gt; 70% полиэстер, 30% хлопок&lt;br&gt;&#xA;📦 &lt;strong&gt;Остаток:&lt;/strong&gt; 2 шт.&lt;br&gt;&#xA;💰 &lt;strong&gt;Цена:&lt;/strong&gt; 3600₽&lt;/p&gt;&#xA;&lt;p&gt;✉️ Пиши в Telegram: &lt;a href=&#34;https://t.me/Narfboer&#34;&gt;@Narfboer&lt;/a&gt;&lt;/p&gt;</description>
    </item>
    <item>
      <title>Гобелен Chainsaw Man</title>
      <link>https://nikarello.github.io/wagich/tapestry/chainsaw-man/</link>
      <pubDate>Sat, 31 May 2025 00:00:00 +0000</pubDate>
      <guid>https://nikarello.github.io/wagich/tapestry/chainsaw-man/</guid>
      <description>&lt;p&gt;Безумие, стиль и кровь — всё, что мы любим в &lt;strong&gt;Chainsaw Man&lt;/strong&gt;. На этом гобелене изображён Дэнджи в своей культовой форме. Для тех, кто не боится выделиться и любит энергичное аниме.&lt;/p&gt;&#xA;&lt;p&gt;🧵 &lt;strong&gt;Размер:&lt;/strong&gt; 160×130 см&lt;br&gt;&#xA;📦 &lt;strong&gt;Материалы:&lt;/strong&gt; 70% полиэстер, 30% хлопок&lt;br&gt;&#xA;📦 &lt;strong&gt;Остаток:&lt;/strong&gt; 2 шт.&lt;br&gt;&#xA;💰 &lt;strong&gt;Цена:&lt;/strong&gt; 3600₽&lt;/p&gt;&#xA;&lt;p&gt;✉️ Пиши в Telegram: &lt;a href=&#34;https://t.me/Narfboer&#34;&gt;@Narfboer&lt;/a&gt;&lt;/p&gt;</description>
    </item>
    <item>
      <title>Гобелен Dragon Ball</title>
      <link>https://nikarello.github.io/wagich/tapestry/dragon-ball/</link>
      <pubDate>Sat, 31 May 2025 00:00:00 +0000</pubDate>
      <guid>https://nikarello.github.io/wagich/tapestry/dragon-ball/</guid>
      <description>&lt;p&gt;Классика жанра — Сон Гоку в эпичном кадре. Энергия, сила и аура &lt;strong&gt;Dragon Ball&lt;/strong&gt; теперь могут быть частью твоей комнаты.&lt;/p&gt;&#xA;&lt;p&gt;🧵 &lt;strong&gt;Размер:&lt;/strong&gt; 160×130 см&lt;br&gt;&#xA;📦 &lt;strong&gt;Материалы:&lt;/strong&gt; 70% полиэстер, 30% хлопок&lt;br&gt;&#xA;📦 &lt;strong&gt;Остаток:&lt;/strong&gt; 1 шт.&lt;br&gt;&#xA;💰 &lt;strong&gt;Цена:&lt;/strong&gt; 3600₽&lt;/p&gt;&#xA;&lt;p&gt;✉️ Пиши в Telegram: &lt;a href=&#34;https://t.me/Narfboer&#34;&gt;@Narfboer&lt;/a&gt;&lt;/p&gt;</description>
    </item>
    <item>
      <title>Гобелен Hunter x Hunter</title>
      <link>https://nikarello.github.io/wagich/tapestry/hxh/</link>
      <pubDate>Sat, 31 May 2025 00:00:00 +0000</pubDate>
      <guid>https://nikarello.github.io/wagich/tapestry/hxh/</guid>
      <description>&lt;p&gt;Тёплый и мощный гобелен с Гоном и Киллуа из &lt;strong&gt;Hunter x Hunter&lt;/strong&gt;. Подходит для уютного уголка, вдохновляющего на приключения и дружбу.&lt;/p&gt;&#xA;&lt;p&gt;🧵 &lt;strong&gt;Размер:&lt;/strong&gt; 160×130 см&lt;br&gt;&#xA;📦 &lt;strong&gt;Материалы:&lt;/strong&gt; 70% полиэстер, 30% хлопок&lt;br&gt;&#xA;📦 &lt;strong&gt;Остаток:&lt;/strong&gt; 2 шт.&lt;br&gt;&#xA;💰 &lt;strong&gt;Цена:&lt;/strong&gt; 3600₽&lt;/p&gt;&#xA;&lt;p&gt;✉️ Пиши в Telegram: &lt;a href=&#34;https://t.me/Narfboer&#34;&gt;@Narfboer&lt;/a&gt;&lt;/p&gt;</description>
    </item>
    <item>
      <title>Гобелен JoJo’s Bizarre Adventure</title>
      <link>https://nikarello.github.io/wagich/tapestry/jojo/</link>
      <pubDate>Sat, 31 May 2025 00:00:00 +0000</pubDate>
      <guid>https://nikarello.github.io/wagich/tapestry/jojo/</guid>
      <description>&lt;p&gt;Стильный, кричащий, дерзкий — всё как любит фанат &lt;strong&gt;JoJo&lt;/strong&gt;. Этот гобелен с Джотаро и Стар Платином — вынос мозга и радость визуала.&lt;/p&gt;&#xA;&lt;p&gt;🧵 &lt;strong&gt;Размер:&lt;/strong&gt; 160×130 см&lt;br&gt;&#xA;📦 &lt;strong&gt;Материалы:&lt;/strong&gt; 70% полиэстер, 30% хлопок&lt;br&gt;&#xA;📦 &lt;strong&gt;Остаток:&lt;/strong&gt; 3 шт.&lt;br&gt;&#xA;💰 &lt;strong&gt;Цена:&lt;/strong&gt; 3600₽&lt;/p&gt;&#xA;&lt;p&gt;✉️ Пиши в Telegram: &lt;a href=&#34;https://t.me/Narfboer&#34;&gt;@Narfboer&lt;/a&gt;&lt;/p&gt;</description>
    </item>
    <item>
      <title>Гобелен Jujutsu Kaisen</title>
      <link>https://nikarello.github.io/wagich/tapestry/jjk/</link>
      <pubDate>Sat, 31 May 2025 00:00:00 +0000</pubDate>
      <guid>https://nikarello.github.io/wagich/tapestry/jjk/</guid>
      <description>&lt;p&gt;Погрузись в мир проклятий и битв с этим гобеленом из &lt;strong&gt;Jujutsu Kaisen&lt;/strong&gt;! На ткани изображены Го Джо и Итадори в напряжённой сцене, которая буквально вибрирует энергией. Идеально подойдёт для комнаты фаната, а также как подарок ценителям этого яркого тайтла.&lt;/p&gt;&#xA;&lt;p&gt;🧵 &lt;strong&gt;Размер:&lt;/strong&gt; 160×130 см&lt;br&gt;&#xA;📦 &lt;strong&gt;Материалы:&lt;/strong&gt; 70% полиэстер, 30% хлопок&lt;br&gt;&#xA;📦 &lt;strong&gt;Остаток:&lt;/strong&gt; 1 шт.&lt;br&gt;&#xA;💰 &lt;strong&gt;Цена:&lt;/strong&gt; 3600₽&lt;/p&gt;&#xA;&lt;p&gt;✉️ Пиши в Telegram: &lt;a href=&#34;https://t.me/Narfboer&#34;&gt;@Narfboer&lt;/a&gt;&lt;/p&gt;</description>
    </item>
    <item>
      <title>Гобелен ONE PEACE</title>
      <link>https://nikarello.github.io/wagich/tapestry/onepeace/</link>
      <pubDate>Sat, 31 May 2025 00:00:00 +0000</pubDate>
      <guid>https://nikarello.github.io/wagich/tapestry/onepeace/</guid>
      <description>&lt;p&gt;Тёплый и мощный гобелен &lt;strong&gt;ONE PEACE&lt;/strong&gt;. Подходит для уютного уголка, вдохновляющего на приключения и дружбу.&lt;/p&gt;&#xA;&lt;p&gt;🧵 &lt;strong&gt;Размер:&lt;/strong&gt; 160×130 см&lt;br&gt;&#xA;📦 &lt;strong&gt;Материалы:&lt;/strong&gt; 70% полиэстер, 30% хлопок&lt;br&gt;&#xA;📦 &lt;strong&gt;Остаток:&lt;/strong&gt; 2 шт.&lt;br&gt;&#xA;💰 &lt;strong&gt;Цена:&lt;/strong&gt; 3600₽&lt;/p&gt;&#xA;&lt;p&gt;✉️ Пиши в Telegram: &lt;a href=&#34;https://t.me/Narfboer&#34;&gt;@Narfboer&lt;/a&gt;&lt;/p&gt;</description>
    </item>
    <item>
      <title>Гобелен Sailor Moon</title>
      <link>https://nikarello.github.io/wagich/tapestry/sailormoon/</link>
      <pubDate>Sat, 31 May 2025 00:00:00 +0000</pubDate>
      <guid>https://nikarello.github.io/wagich/tapestry/sailormoon/</guid>
      <description>&lt;p&gt;Лунная призма, дай мне силу! Гобелен с Усаги — эстетика нежности, ретро и ностальгии по 90-м. Для романтиков и олдов, которые ценят стиль &lt;strong&gt;Sailor Moon&lt;/strong&gt;.&lt;/p&gt;&#xA;&lt;p&gt;🧵 &lt;strong&gt;Размер:&lt;/strong&gt; 160×130 см&lt;br&gt;&#xA;📦 &lt;strong&gt;Материалы:&lt;/strong&gt; 70% полиэстер, 30% хлопок&lt;br&gt;&#xA;📦 &lt;strong&gt;Остаток:&lt;/strong&gt; 2 шт.&lt;br&gt;&#xA;💰 &lt;strong&gt;Цена:&lt;/strong&gt; 3600₽&lt;/p&gt;&#xA;&lt;p&gt;✉️ Пиши в Telegram: &lt;a href=&#34;https://t.me/Narfboer&#34;&gt;@Narfboer&lt;/a&gt;&lt;/p&gt;</description>
    </item>
  </channel>
</rss>
