<?xml version="1.0" encoding="utf-8" standalone="yes"?>
<rss version="2.0" xmlns:atom="http://www.w3.org/2005/Atom">
  <channel>
    <title>Categories on WAGICH — Аниме-гобелены</title>
    <link>https://nikarello.github.io/wagich/categories/</link>
    <description>Recent content in Categories on WAGICH — Аниме-гобелены</description>
    <generator>Hugo</generator>
    <language>ru-ru</language>
    <atom:link href="https://nikarello.github.io/wagich/categories/index.xml" rel="self" type="application/rss+xml" />
  </channel>
</rss>
